onset	duration	event_type	trial_count	old_wealth	new_wealth	gFactIncr
0.0120000000000005	1.78899999999999	Response_window_onset	1	1000	n/a	n/a
1.80099999999999	0.503999999999991	Response	1	n/a	n/a	n/a
2.30499999999998	1.05000000000001	Stimulus_onset	1	n/a	n/a	0
3.35499999999999	1.5	New_wealth_onset	1	n/a	1000	n/a
4.85499999999999	1.357	ITI_onset	1	n/a	n/a	n/a
6.21199999999999	0.633999999999986	Response_window_onset	2	1000	n/a	n/a
6.84599999999998	2.80700000000002	Response	2	n/a	n/a	n/a
9.65299999999999	2.72200000000001	Stimulus_onset	2	n/a	n/a	428
12.375	1.5	New_wealth_onset	2	n/a	1428	n/a
13.875	1.96099999999998	ITI_onset	2	n/a	n/a	n/a
15.836	0.531000000000006	Response_window_onset	3	1428	n/a	n/a
16.367	3.02500000000001	Response	3	n/a	n/a	n/a
19.392	1.91999999999999	Stimulus_onset	3	n/a	n/a	-214
21.312	1.5	New_wealth_onset	3	n/a	1214	n/a
22.812	3.01400000000001	ITI_onset	3	n/a	n/a	n/a
25.826	0.563999999999993	Response_window_onset	4	1214	n/a	n/a
26.39	2.95699999999999	Response	4	n/a	n/a	n/a
29.347	2.55500000000001	Stimulus_onset	4	n/a	n/a	214
31.902	1.5	New_wealth_onset	4	n/a	1428	n/a
33.402	0.649000000000001	ITI_onset	4	n/a	n/a	n/a
34.051	0.757000000000005	Response_window_onset	5	1428	n/a	n/a
34.808	2.57300000000001	Response	5	n/a	n/a	n/a
37.381	1.76999999999998	Stimulus_onset	5	n/a	n/a	428
39.151	1.5	New_wealth_onset	5	n/a	1856	n/a
40.651	2.096	ITI_onset	5	n/a	n/a	n/a
42.747	0.47999999999999	Response_window_onset	6	1856	n/a	n/a
43.227	3.12400000000002	Response	6	n/a	n/a	n/a
46.351	3.023	Stimulus_onset	6	n/a	n/a	-428
49.374	1.5	New_wealth_onset	6	n/a	1428	n/a
50.874	2.471	ITI_onset	6	n/a	n/a	n/a
53.345	0.388999999999982	Response_window_onset	7	1428	n/a	n/a
53.734	3.30800000000002	Response	7	n/a	n/a	n/a
57.042	2.52099999999999	Stimulus_onset	7	n/a	n/a	428
59.563	1.5	New_wealth_onset	7	n/a	1856	n/a
61.063	2.26400000000001	ITI_onset	7	n/a	n/a	n/a
63.327	0.445999999999998	Response_window_onset	8	1856	n/a	n/a
63.773	3.191	Response	8	n/a	n/a	n/a
66.964	2.28699999999998	Stimulus_onset	8	n/a	n/a	0
69.251	1.5	New_wealth_onset	8	n/a	1856	n/a
70.751	2.03400000000002	ITI_onset	8	n/a	n/a	n/a
72.785	0.441999999999979	Response_window_onset	9	1856	n/a	n/a
73.227	3.191	Response	9	n/a	n/a	n/a
76.418	2.27100000000002	Stimulus_onset	9	n/a	n/a	-214
78.689	1.5	New_wealth_onset	9	n/a	1642	n/a
80.189	3.33599999999998	ITI_onset	9	n/a	n/a	n/a
83.525	0.40900000000002	Response_window_onset	10	1642	n/a	n/a
83.934	3.25799999999998	Response	10	n/a	n/a	n/a
87.192	2.90600000000001	Stimulus_onset	10	n/a	n/a	321
90.098	1.5	New_wealth_onset	10	n/a	1963	n/a
91.598	3.95000000000002	ITI_onset	10	n/a	n/a	n/a
95.548	0.345999999999975	Response_window_onset	11	1963	n/a	n/a
95.894	3.39100000000002	Response	11	n/a	n/a	n/a
99.285	1.30199999999999	Stimulus_onset	11	n/a	n/a	321
100.587	1.5	New_wealth_onset	11	n/a	2284	n/a
102.087	3.22200000000001	ITI_onset	11	n/a	n/a	n/a
105.309	0.423000000000002	Response_window_onset	12	2284	n/a	n/a
105.732	3.24099999999999	Response	12	n/a	n/a	n/a
108.973	3.09000000000003	Stimulus_onset	12	n/a	n/a	214
112.063	1.5	New_wealth_onset	12	n/a	2498	n/a
113.563	3.44099999999997	ITI_onset	12	n/a	n/a	n/a
117.004	0.370999999999981	Response_window_onset	13	2498	n/a	n/a
117.375	3.34200000000004	Response	13	n/a	n/a	n/a
120.717	2.08599999999996	Stimulus_onset	13	n/a	n/a	-107
122.803	1.5	New_wealth_onset	13	n/a	2391	n/a
124.303	1.30700000000002	ITI_onset	13	n/a	n/a	n/a
125.61	0.668000000000006	Response_window_onset	14	2391	n/a	n/a
126.278	2.74000000000001	Response	14	n/a	n/a	n/a
129.018	1.26900000000001	Stimulus_onset	14	n/a	n/a	214
130.287	1.5	New_wealth_onset	14	n/a	2605	n/a
131.787	3.76400000000001	ITI_onset	14	n/a	n/a	n/a
135.551	0.381999999999948	Response_window_onset	15	2605	n/a	n/a
135.933	3.32500000000005	Response	15	n/a	n/a	n/a
139.258	1.70299999999997	Stimulus_onset	15	n/a	n/a	-321
140.961	1.5	New_wealth_onset	15	n/a	2284	n/a
142.461	0.92900000000003	ITI_onset	15	n/a	n/a	n/a
143.39	0.526999999999987	Response_window_onset	16	2284	n/a	n/a
143.917	3.024	Response	16	n/a	n/a	n/a
146.941	1.202	Stimulus_onset	16	n/a	n/a	-107
148.143	1.5	New_wealth_onset	16	n/a	2177	n/a
149.643	1.11699999999996	ITI_onset	16	n/a	n/a	n/a
150.76	0.439999999999998	Response_window_onset	17	2177	n/a	n/a
151.2	3.20800000000003	Response	17	n/a	n/a	n/a
154.408	0.934000000000026	Stimulus_onset	17	n/a	n/a	-107
155.342	1.5	New_wealth_onset	17	n/a	2070	n/a
156.842	0.742999999999995	ITI_onset	17	n/a	n/a	n/a
157.585	0.58099999999996	Response_window_onset	18	2070	n/a	n/a
158.166	2.923	Response	18	n/a	n/a	n/a
161.089	0.850999999999999	Stimulus_onset	18	n/a	n/a	-321
161.94	1.5	New_wealth_onset	18	n/a	1749	n/a
163.44	1.26500000000004	ITI_onset	18	n/a	n/a	n/a
164.705	0.392999999999972	Response_window_onset	19	1749	n/a	n/a
165.098	3.291	Response	19	n/a	n/a	n/a
168.389	2.404	Stimulus_onset	19	n/a	n/a	-107
170.793	1.5	New_wealth_onset	19	n/a	1642	n/a
172.293	2.24299999999999	ITI_onset	19	n/a	n/a	n/a
174.536	0.350000000000023	Response_window_onset	20	1642	n/a	n/a
174.886	3.375	Response	20	n/a	n/a	n/a
178.261	2.92199999999997	Stimulus_onset	20	n/a	n/a	321
181.183	1.5	New_wealth_onset	20	n/a	1963	n/a
182.683	0.608000000000004	ITI_onset	20	n/a	n/a	n/a
183.291	0.498000000000047	Response_window_onset	21	1963	n/a	n/a
183.789	3.09099999999995	Response	21	n/a	n/a	n/a
186.88	3.10599999999999	Stimulus_onset	21	n/a	n/a	214
189.986	1.5	New_wealth_onset	21	n/a	2177	n/a
191.486	2.608	ITI_onset	21	n/a	n/a	n/a
194.094	0.385000000000048	Response_window_onset	22	2177	n/a	n/a
194.479	3.30799999999999	Response	22	n/a	n/a	n/a
197.787	3.20699999999999	Stimulus_onset	22	n/a	n/a	214
200.994	1.5	New_wealth_onset	22	n/a	2391	n/a
202.494	2.30500000000001	ITI_onset	22	n/a	n/a	n/a
204.799	0.471000000000004	Response_window_onset	23	2391	n/a	n/a
205.27	3.14099999999996	Response	23	n/a	n/a	n/a
208.411	1.60400000000004	Stimulus_onset	23	n/a	n/a	214
210.015	1.5	New_wealth_onset	23	n/a	2605	n/a
211.515	2.25299999999999	ITI_onset	23	n/a	n/a	n/a
213.768	0.438999999999965	Response_window_onset	24	2605	n/a	n/a
214.207	3.20700000000005	Response	24	n/a	n/a	n/a
217.414	2.03799999999995	Stimulus_onset	24	n/a	n/a	-107
219.452	1.5	New_wealth_onset	24	n/a	2498	n/a
220.952	1.70100000000002	ITI_onset	24	n/a	n/a	n/a
222.653	0.37299999999999	Response_window_onset	25	2498	n/a	n/a
223.026	3.34100000000001	Response	25	n/a	n/a	n/a
226.367	2.42200000000003	Stimulus_onset	25	n/a	n/a	321
228.789	1.5	New_wealth_onset	25	n/a	2819	n/a
230.289	2.55499999999995	ITI_onset	25	n/a	n/a	n/a
232.844	0.439000000000021	Response_window_onset	26	2819	n/a	n/a
233.283	3.20699999999999	Response	26	n/a	n/a	n/a
236.49	2.03700000000003	Stimulus_onset	26	n/a	n/a	321
238.527	1.5	New_wealth_onset	26	n/a	3140	n/a
240.027	1.22199999999998	ITI_onset	26	n/a	n/a	n/a
241.249	0.401999999999987	Response_window_onset	27	3140	n/a	n/a
241.651	3.27500000000003	Response	27	n/a	n/a	n/a
244.926	2.88799999999998	Stimulus_onset	27	n/a	n/a	-428
247.814	1.5	New_wealth_onset	27	n/a	2712	n/a
249.314	2.733	ITI_onset	27	n/a	n/a	n/a
252.047	0.394999999999982	Response_window_onset	28	2712	n/a	n/a
252.442	3.291	Response	28	n/a	n/a	n/a
255.733	3.25700000000003	Stimulus_onset	28	n/a	n/a	321
258.99	1.5	New_wealth_onset	28	n/a	3033	n/a
260.49	2.74299999999994	ITI_onset	28	n/a	n/a	n/a
263.233	0.383000000000038	Response_window_onset	29	3033	n/a	n/a
263.616	3.30799999999999	Response	29	n/a	n/a	n/a
266.924	3.10599999999999	Stimulus_onset	29	n/a	n/a	-428
270.03	1.5	New_wealth_onset	29	n/a	2605	n/a
271.53	0.974000000000046	ITI_onset	29	n/a	n/a	n/a
272.504	0.5	Response_window_onset	30	2605	n/a	n/a
273.004	3.07399999999996	Response	30	n/a	n/a	n/a
276.078	2.01999999999998	Stimulus_onset	30	n/a	n/a	428
278.098	1.5	New_wealth_onset	30	n/a	3033	n/a
279.598	3.78600000000006	ITI_onset	30	n/a	n/a	n/a
283.384	0.36099999999999	Response_window_onset	31	3033	n/a	n/a
283.745	3.35900000000004	Response	31	n/a	n/a	n/a
287.104	3.22199999999998	Stimulus_onset	31	n/a	n/a	321
290.326	1.5	New_wealth_onset	31	n/a	3354	n/a
291.826	1.88799999999992	ITI_onset	31	n/a	n/a	n/a
293.714	0.420000000000073	Response_window_onset	32	3354	n/a	n/a
294.134	3.24099999999999	Response	32	n/a	n/a	n/a
297.375	1.62	Stimulus_onset	32	n/a	n/a	-321
298.995	1.5	New_wealth_onset	32	n/a	3033	n/a
300.495	3.86799999999994	ITI_onset	32	n/a	n/a	n/a
304.363	0.36099999999999	Response_window_onset	33	3033	n/a	n/a
304.724	3.35800000000006	Response	33	n/a	n/a	n/a
308.082	1.00199999999995	Stimulus_onset	33	n/a	n/a	0
309.084	1.5	New_wealth_onset	33	n/a	3033	n/a
310.584	3.00600000000009	ITI_onset	33	n/a	n/a	n/a
313.59	0.404999999999973	Response_window_onset	34	3033	n/a	n/a
313.995	3.25800000000004	Response	34	n/a	n/a	n/a
317.253	1.90299999999991	Stimulus_onset	34	n/a	n/a	107
319.156	1.5	New_wealth_onset	34	n/a	3140	n/a
320.656	3.92000000000007	ITI_onset	34	n/a	n/a	n/a
324.576	0.392999999999915	Response_window_onset	35	3140	n/a	n/a
324.969	3.29200000000003	Response	35	n/a	n/a	n/a
328.261	2.48800000000006	Stimulus_onset	35	n/a	n/a	-214
330.749	1.5	New_wealth_onset	35	n/a	2926	n/a
332.249	2.58799999999997	ITI_onset	35	n/a	n/a	n/a
334.837	0.422000000000025	Response_window_onset	36	2926	n/a	n/a
335.259	3.20699999999999	Response	36	n/a	n/a	n/a
338.466	1.33600000000001	Stimulus_onset	36	n/a	n/a	-107
339.802	1.5	New_wealth_onset	36	n/a	2819	n/a
341.302	0.923000000000002	ITI_onset	36	n/a	n/a	n/a
342.225	0.533999999999992	Response_window_onset	37	2819	n/a	n/a
342.759	3.00699999999995	Response	37	n/a	n/a	n/a
345.766	2.77200000000005	Stimulus_onset	37	n/a	n/a	214
348.538	1.5	New_wealth_onset	37	n/a	3033	n/a
350.038	3.61900000000003	ITI_onset	37	n/a	n/a	n/a
353.657	0.343999999999937	Response_window_onset	38	3033	n/a	n/a
354.001	3.39099999999996	Response	38	n/a	n/a	n/a
357.392	1.10199999999998	Stimulus_onset	38	n/a	n/a	0
358.494	1.5	New_wealth_onset	38	n/a	3033	n/a
359.994	3.38900000000001	ITI_onset	38	n/a	n/a	n/a
363.383	0.406000000000063	Response_window_onset	39	3033	n/a	n/a
363.789	3.274	Response	39	n/a	n/a	n/a
367.063	2.42200000000003	Stimulus_onset	39	n/a	n/a	107
369.485	1.5	New_wealth_onset	39	n/a	3140	n/a
370.985	3.35899999999992	ITI_onset	39	n/a	n/a	n/a
374.344	0.369000000000028	Response_window_onset	40	3140	n/a	n/a
374.713	3.34100000000001	Response	40	n/a	n/a	n/a
378.054	2.65599999999995	Stimulus_onset	40	n/a	n/a	-107
380.71	1.5	New_wealth_onset	40	n/a	3033	n/a
382.21	2.06700000000001	ITI_onset	40	n/a	n/a	n/a
384.277	0.492000000000075	Response_window_onset	41	3033	n/a	n/a
384.769	3.09100000000001	Response	41	n/a	n/a	n/a
387.86	1.75299999999993	Stimulus_onset	41	n/a	n/a	-107
389.613	1.5	New_wealth_onset	41	n/a	2926	n/a
391.113	2.52499999999998	ITI_onset	41	n/a	n/a	n/a
393.638	0.401000000000067	Response_window_onset	42	2926	n/a	n/a
394.039	3.27499999999998	Response	42	n/a	n/a	n/a
397.314	2.25400000000002	Stimulus_onset	42	n/a	n/a	428
399.568	1.5	New_wealth_onset	42	n/a	3354	n/a
401.068	0.732999999999947	ITI_onset	42	n/a	n/a	n/a
401.801	0.590000000000032	Response_window_onset	43	3354	n/a	n/a
402.391	2.90700000000004	Response	43	n/a	n/a	n/a
405.298	2.13799999999992	Stimulus_onset	43	n/a	n/a	-107
407.436	1.5	New_wealth_onset	43	n/a	3247	n/a
408.936	3.34800000000007	ITI_onset	43	n/a	n/a	n/a
412.284	0.42999999999995	Response_window_onset	44	3247	n/a	n/a
412.714	3.22500000000002	Response	44	n/a	n/a	n/a
415.939	0.817000000000007	Stimulus_onset	44	n/a	n/a	214
416.756	1.5	New_wealth_onset	44	n/a	3461	n/a
418.256	1.49400000000003	ITI_onset	44	n/a	n/a	n/a
419.75	0.413999999999987	Response_window_onset	45	3461	n/a	n/a
420.164	3.25799999999992	Response	45	n/a	n/a	n/a
423.422	1.85300000000007	Stimulus_onset	45	n/a	n/a	214
425.275	1.5	New_wealth_onset	45	n/a	3675	n/a
426.775	2.82899999999995	ITI_onset	45	n/a	n/a	n/a
429.604	0.432000000000016	Response_window_onset	46	3675	n/a	n/a
430.036	3.20699999999999	Response	46	n/a	n/a	n/a
433.243	1.25300000000004	Stimulus_onset	46	n/a	n/a	-214
434.496	1.5	New_wealth_onset	46	n/a	3461	n/a
435.996	2.37	ITI_onset	46	n/a	n/a	n/a
438.366	0.38900000000001	Response_window_onset	47	3461	n/a	n/a
438.755	3.29199999999992	Response	47	n/a	n/a	n/a
442.047	1.03500000000008	Stimulus_onset	47	n/a	n/a	428
443.082	1.5	New_wealth_onset	47	n/a	3889	n/a
444.582	3.548	ITI_onset	47	n/a	n/a	n/a
448.13	0.362999999999943	Response_window_onset	48	3889	n/a	n/a
448.493	3.34199999999998	Response	48	n/a	n/a	n/a
451.835	2.88900000000001	Stimulus_onset	48	n/a	n/a	214
454.724	1.5	New_wealth_onset	48	n/a	4103	n/a
456.224	3.89999999999998	ITI_onset	48	n/a	n/a	n/a
460.124	0.463000000000079	Response_window_onset	49	4103	n/a	n/a
460.587	3.15800000000002	Response	49	n/a	n/a	n/a
463.745	2.73899999999992	Stimulus_onset	49	n/a	n/a	0
466.484	1.5	New_wealth_onset	49	n/a	4103	n/a
467.984	3.43100000000004	ITI_onset	49	n/a	n/a	n/a
471.415	0.364000000000033	Response_window_onset	50	4103	n/a	n/a
471.779	3.35799999999995	Response	50	n/a	n/a	n/a
475.137	2.17100000000005	Stimulus_onset	50	n/a	n/a	-428
477.308	1.5	New_wealth_onset	50	n/a	3675	n/a
478.808	3.59699999999998	ITI_onset	50	n/a	n/a	n/a
482.405	0.447999999999979	Response_window_onset	51	3675	n/a	n/a
482.853	3.19100000000003	Response	51	n/a	n/a	n/a
486.044	2.82299999999998	Stimulus_onset	51	n/a	n/a	-321
488.867	1.5	New_wealth_onset	51	n/a	3354	n/a
490.367	3.81899999999996	ITI_onset	51	n/a	n/a	n/a
494.186	0.442999999999984	Response_window_onset	52	3354	n/a	n/a
494.629	3.19100000000003	Response	52	n/a	n/a	n/a
497.82	0.985000000000014	Stimulus_onset	52	n/a	n/a	-214
498.805	1.5	New_wealth_onset	52	n/a	3140	n/a
500.305	2.48599999999999	ITI_onset	52	n/a	n/a	n/a
502.791	0.423999999999978	Response_window_onset	53	3140	n/a	n/a
503.215	3.22500000000002	Response	53	n/a	n/a	n/a
506.44	1.56900000000007	Stimulus_onset	53	n/a	n/a	-107
508.009	1.5	New_wealth_onset	53	n/a	3033	n/a
509.509	1.5569999999999	ITI_onset	53	n/a	n/a	n/a
511.066	0.384000000000015	Response_window_onset	54	3033	n/a	n/a
511.45	3.30799999999999	Response	54	n/a	n/a	n/a
514.758	1.31900000000007	Stimulus_onset	54	n/a	n/a	-214
516.077	1.5	New_wealth_onset	54	n/a	2819	n/a
517.577	1.84699999999998	ITI_onset	54	n/a	n/a	n/a
519.424	0.444999999999936	Response_window_onset	55	2819	n/a	n/a
519.869	3.19100000000003	Response	55	n/a	n/a	n/a
523.06	2.43799999999999	Stimulus_onset	55	n/a	n/a	-214
525.498	1.5	New_wealth_onset	55	n/a	2605	n/a
526.998	3.51400000000001	ITI_onset	55	n/a	n/a	n/a
530.512	0.398000000000025	Response_window_onset	56	2605	n/a	n/a
530.91	3.29099999999994	Response	56	n/a	n/a	n/a
534.201	2.95600000000002	Stimulus_onset	56	n/a	n/a	321
537.157	1.5	New_wealth_onset	56	n/a	2926	n/a
538.657	3.91000000000008	ITI_onset	56	n/a	n/a	n/a
542.567	0.352999999999952	Response_window_onset	57	2926	n/a	n/a
542.92	3.375	Response	57	n/a	n/a	n/a
546.295	2.80600000000004	Stimulus_onset	57	n/a	n/a	107
549.101	1.5	New_wealth_onset	57	n/a	3033	n/a
550.601	3.53499999999997	ITI_onset	57	n/a	n/a	n/a
554.136	0.360000000000014	Response_window_onset	58	3033	n/a	n/a
554.496	3.35799999999995	Response	58	n/a	n/a	n/a
557.854	1.98700000000008	Stimulus_onset	58	n/a	n/a	-214
559.841	1.5	New_wealth_onset	58	n/a	2819	n/a
561.341	1.91099999999994	ITI_onset	58	n/a	n/a	n/a
563.252	0.498000000000047	Response_window_onset	59	2819	n/a	n/a
563.75	3.09100000000001	Response	59	n/a	n/a	n/a
566.841	1.803	Stimulus_onset	59	n/a	n/a	0
568.644	1.5	New_wealth_onset	59	n/a	2819	n/a
570.144	3.98299999999995	ITI_onset	59	n/a	n/a	n/a
574.127	0.51400000000001	Response_window_onset	60	2819	n/a	n/a
574.641	3.05700000000002	Response	60	n/a	n/a	n/a
577.698	1.202	Stimulus_onset	60	n/a	n/a	-321
578.9	1.5	New_wealth_onset	60	n/a	2498	n/a
580.4	2.99299999999994	ITI_onset	60	n/a	n/a	n/a
583.393	0.485000000000014	Response_window_onset	61	2498	n/a	n/a
583.878	3.10700000000008	Response	61	n/a	n/a	n/a
586.985	2.02099999999996	Stimulus_onset	61	n/a	n/a	107
589.006	1.5	New_wealth_onset	61	n/a	2605	n/a
590.506	2.84699999999998	ITI_onset	61	n/a	n/a	n/a
593.353	0.430000000000064	Response_window_onset	62	2605	n/a	n/a
593.783	3.22399999999993	Response	62	n/a	n/a	n/a
597.007	3.15700000000004	Stimulus_onset	62	n/a	n/a	214
600.164	1.5	New_wealth_onset	62	n/a	2819	n/a
601.664	2.274	ITI_onset	62	n/a	n/a	n/a
603.938	0.367999999999938	Response_window_onset	63	2819	n/a	n/a
604.306	3.34199999999998	Response	63	n/a	n/a	n/a
607.648	2.53800000000001	Stimulus_onset	63	n/a	n/a	-321
610.186	1.5	New_wealth_onset	63	n/a	2498	n/a
611.686	1.99300000000005	ITI_onset	63	n/a	n/a	n/a
613.679	0.348999999999933	Response_window_onset	64	2498	n/a	n/a
614.028	3.39100000000008	Response	64	n/a	n/a	n/a
617.419	2.20499999999993	Stimulus_onset	64	n/a	n/a	428
619.624	1.5	New_wealth_onset	64	n/a	2926	n/a
621.124	3.19400000000007	ITI_onset	64	n/a	n/a	n/a
624.318	0.400999999999954	Response_window_onset	65	2926	n/a	n/a
624.719	3.274	Response	65	n/a	n/a	n/a
627.993	1.202	Stimulus_onset	65	n/a	n/a	214
629.195	1.5	New_wealth_onset	65	n/a	3140	n/a
630.695	1.94200000000001	ITI_onset	65	n/a	n/a	n/a
632.637	0.383000000000038	Response_window_onset	66	3140	n/a	n/a
633.02	3.30799999999999	Response	66	n/a	n/a	n/a
636.328	2.62199999999996	Stimulus_onset	66	n/a	n/a	107
638.95	1.5	New_wealth_onset	66	n/a	3247	n/a
640.45	3.94000000000005	ITI_onset	66	n/a	n/a	n/a
644.39	0.372999999999934	Response_window_onset	67	3247	n/a	n/a
644.763	3.34100000000001	Response	67	n/a	n/a	n/a
648.104	0.970000000000027	Stimulus_onset	67	n/a	n/a	214
649.074	1.5	New_wealth_onset	67	n/a	3461	n/a
650.574	0.774000000000001	ITI_onset	67	n/a	n/a	n/a
651.348	0.730999999999995	Response_window_onset	68	3461	n/a	n/a
652.079	2.62300000000005	Response	68	n/a	n/a	n/a
654.702	3.13999999999999	Stimulus_onset	68	n/a	n/a	-214
657.842	1.5	New_wealth_onset	68	n/a	3247	n/a
659.342	1.13900000000001	ITI_onset	68	n/a	n/a	n/a
660.481	0.467999999999961	Response_window_onset	69	3247	n/a	n/a
660.949	3.14099999999996	Response	69	n/a	n/a	n/a
664.09	2.13700000000006	Stimulus_onset	69	n/a	n/a	-428
666.227	1.5	New_wealth_onset	69	n/a	2819	n/a
667.727	0.712999999999965	ITI_onset	69	n/a	n/a	n/a
668.44	0.576999999999998	Response_window_onset	70	2819	n/a	n/a
669.017	2.923	Response	70	n/a	n/a	n/a
671.94	1.18600000000004	Stimulus_onset	70	n/a	n/a	-107
673.126	1.5	New_wealth_onset	70	n/a	2712	n/a
674.626	2.87099999999998	ITI_onset	70	n/a	n/a	n/a
677.497	0.405999999999949	Response_window_onset	71	2712	n/a	n/a
677.903	3.25800000000004	Response	71	n/a	n/a	n/a
681.161	2.255	Stimulus_onset	71	n/a	n/a	107
683.416	1.5	New_wealth_onset	71	n/a	2819	n/a
684.916	2.21199999999999	ITI_onset	71	n/a	n/a	n/a
687.128	0.43100000000004	Response_window_onset	72	2819	n/a	n/a
687.559	3.22299999999996	Response	72	n/a	n/a	n/a
690.782	1.82000000000005	Stimulus_onset	72	n/a	n/a	107
692.602	1.5	New_wealth_onset	72	n/a	2926	n/a
694.102	0.816000000000031	ITI_onset	72	n/a	n/a	n/a
694.918	0.524999999999977	Response_window_onset	73	2926	n/a	n/a
695.443	3.03999999999996	Response	73	n/a	n/a	n/a
698.483	2.97199999999998	Stimulus_onset	73	n/a	n/a	321
701.455	1.5	New_wealth_onset	73	n/a	3247	n/a
702.955	1.38900000000001	ITI_onset	73	n/a	n/a	n/a
704.344	0.436000000000035	Response_window_onset	74	3247	n/a	n/a
704.78	3.20699999999999	Response	74	n/a	n/a	n/a
707.987	1.53599999999994	Stimulus_onset	74	n/a	n/a	107
709.523	1.5	New_wealth_onset	74	n/a	3354	n/a
711.023	2.79500000000007	ITI_onset	74	n/a	n/a	n/a
713.818	0.33299999999997	Response_window_onset	75	3354	n/a	n/a
714.151	3.42399999999998	Response	75	n/a	n/a	n/a
717.575	2.83900000000006	Stimulus_onset	75	n/a	n/a	321
720.414	1.5	New_wealth_onset	75	n/a	3675	n/a
721.914	1.66999999999996	ITI_onset	75	n/a	n/a	n/a
723.584	0.355000000000018	Response_window_onset	76	3675	n/a	n/a
723.939	3.37400000000002	Response	76	n/a	n/a	n/a
727.313	1.35299999999995	Stimulus_onset	76	n/a	n/a	214
728.666	1.5	New_wealth_onset	76	n/a	3889	n/a
730.166	0.545000000000073	ITI_onset	76	n/a	n/a	n/a
730.711	0.710999999999899	Response_window_onset	77	3889	n/a	n/a
731.422	2.65700000000004	Response	77	n/a	n/a	n/a
734.079	3.07299999999998	Stimulus_onset	77	n/a	n/a	-107
737.152	1.5	New_wealth_onset	77	n/a	3782	n/a
738.652	0.763000000000034	ITI_onset	77	n/a	n/a	n/a
739.415	0.775999999999954	Response_window_onset	78	3782	n/a	n/a
740.191	2.52300000000002	Response	78	n/a	n/a	n/a
742.714	2.30500000000006	Stimulus_onset	78	n/a	n/a	214
745.019	1.5	New_wealth_onset	78	n/a	3996	n/a
746.519	3.23299999999995	ITI_onset	78	n/a	n/a	n/a
749.752	0.629000000000019	Response_window_onset	79	3996	n/a	n/a
750.381	2.82299999999998	Response	79	n/a	n/a	n/a
753.204	1.13499999999999	Stimulus_onset	79	n/a	n/a	-321
754.339	1.5	New_wealth_onset	79	n/a	3675	n/a
755.839	0.912000000000035	ITI_onset	79	n/a	n/a	n/a
756.751	0.611999999999966	Response_window_onset	80	3675	n/a	n/a
757.363	2.85699999999997	Response	80	n/a	n/a	n/a
760.22	1.13499999999999	Stimulus_onset	80	n/a	n/a	214
761.355	1.5	New_wealth_onset	80	n/a	3889	n/a
762.855	3.25300000000004	ITI_onset	80	n/a	n/a	n/a
766.108	0.426000000000045	Response_window_onset	81	3889	n/a	n/a
766.534	3.22399999999993	Response	81	n/a	n/a	n/a
769.758	2.38800000000003	Stimulus_onset	81	n/a	n/a	-428
772.146	1.5	New_wealth_onset	81	n/a	3461	n/a
773.646	0.876999999999953	ITI_onset	81	n/a	n/a	n/a
774.523	0.446000000000026	Response_window_onset	82	3461	n/a	n/a
774.969	3.12400000000002	Response	82	n/a	n/a	n/a
778.093	0.850999999999999	Stimulus_onset	82	n/a	n/a	0
778.944	1.5	New_wealth_onset	82	n/a	3461	n/a
780.444	2.23599999999999	ITI_onset	82	n/a	n/a	n/a
782.68	0.524000000000001	Response_window_onset	83	3461	n/a	n/a
783.204	3.024	Response	83	n/a	n/a	n/a
786.228	2.12099999999998	Stimulus_onset	83	n/a	n/a	-428
788.349	1.5	New_wealth_onset	83	n/a	3033	n/a
789.849	3.77499999999998	ITI_onset	83	n/a	n/a	n/a
793.624	0.353000000000065	Response_window_onset	84	3033	n/a	n/a
793.977	3.37599999999998	Response	84	n/a	n/a	n/a
797.353	1.95299999999997	Stimulus_onset	84	n/a	n/a	321
799.306	1.5	New_wealth_onset	84	n/a	3354	n/a
800.806	3.63	ITI_onset	84	n/a	n/a	n/a
804.436	0.349000000000046	Response_window_onset	85	3354	n/a	n/a
804.785	3.375	Response	85	n/a	n/a	n/a
808.16	1.66899999999998	Stimulus_onset	85	n/a	n/a	321
809.829	1.5	New_wealth_onset	85	n/a	3675	n/a
811.329	3.11000000000001	ITI_onset	85	n/a	n/a	n/a
814.439	0.335000000000036	Response_window_onset	86	3675	n/a	n/a
814.774	3.40800000000002	Response	86	n/a	n/a	n/a
818.182	2.23799999999994	Stimulus_onset	86	n/a	n/a	214
820.42	1.5	New_wealth_onset	86	n/a	3889	n/a
821.92	2.71299999999997	ITI_onset	86	n/a	n/a	n/a
824.633	0.379999999999995	Response_window_onset	87	3889	n/a	n/a
825.013	3.32500000000005	Response	87	n/a	n/a	n/a
828.338	1.00199999999995	Stimulus_onset	87	n/a	n/a	-107
829.34	1.5	New_wealth_onset	87	n/a	3782	n/a
830.84	1.42100000000005	ITI_onset	87	n/a	n/a	n/a
832.261	0.418999999999983	Response_window_onset	88	3782	n/a	n/a
832.68	3.24199999999996	Response	88	n/a	n/a	n/a
835.922	2.83800000000008	Stimulus_onset	88	n/a	n/a	-428
838.76	1.5	New_wealth_onset	88	n/a	3354	n/a
840.26	1.28800000000001	ITI_onset	88	n/a	n/a	n/a
841.548	0.486999999999966	Response_window_onset	89	3354	n/a	n/a
842.035	3.10699999999997	Response	89	n/a	n/a	n/a
845.142	2.05399999999997	Stimulus_onset	89	n/a	n/a	321
847.196	1.5	New_wealth_onset	89	n/a	3675	n/a
848.696	1.02700000000004	ITI_onset	89	n/a	n/a	n/a
849.723	0.730000000000018	Response_window_onset	90	3675	n/a	n/a
850.453	2.62299999999993	Response	90	n/a	n/a	n/a
853.076	0.885000000000105	Stimulus_onset	90	n/a	n/a	-214
853.961	1.5	New_wealth_onset	90	n/a	3461	n/a
855.461	1.06699999999989	ITI_onset	90	n/a	n/a	n/a
856.528	1.375	Response_window_onset	91	3461	n/a	n/a
857.903	1.3370000000001	Response	91	n/a	n/a	n/a
859.24	2.73899999999992	Stimulus_onset	91	n/a	n/a	-428
861.979	1.5	New_wealth_onset	91	n/a	3033	n/a
863.479	1.52499999999998	ITI_onset	91	n/a	n/a	n/a
865.004	0.399000000000001	Response_window_onset	92	3033	n/a	n/a
865.403	3.27500000000009	Response	92	n/a	n/a	n/a
868.678	1.50200000000007	Stimulus_onset	92	n/a	n/a	214
870.18	1.5	New_wealth_onset	92	n/a	3247	n/a
871.68	3.45299999999997	ITI_onset	92	n/a	n/a	n/a
875.133	0.408999999999878	Response_window_onset	93	3247	n/a	n/a
875.542	3.25800000000004	Response	93	n/a	n/a	n/a
878.8	3.19000000000005	Stimulus_onset	93	n/a	n/a	107
881.99	1.5	New_wealth_onset	93	n/a	3354	n/a
883.49	1.87999999999988	ITI_onset	93	n/a	n/a	n/a
885.37	0.495000000000118	Response_window_onset	94	3354	n/a	n/a
885.865	3.09099999999989	Response	94	n/a	n/a	n/a
888.956	2.62200000000007	Stimulus_onset	94	n/a	n/a	-428
891.578	1.5	New_wealth_onset	94	n/a	2926	n/a
893.078	1.18200000000002	ITI_onset	94	n/a	n/a	n/a
894.26	0.442000000000007	Response_window_onset	95	2926	n/a	n/a
894.702	3.19100000000003	Response	95	n/a	n/a	n/a
897.893	1.75299999999993	Stimulus_onset	95	n/a	n/a	-107
899.646	1.5	New_wealth_onset	95	n/a	2819	n/a
901.146	1.81600000000003	ITI_onset	95	n/a	n/a	n/a
902.962	0.425999999999931	Response_window_onset	96	2819	n/a	n/a
903.388	3.22399999999993	Response	96	n/a	n/a	n/a
906.612	3.30600000000004	Stimulus_onset	96	n/a	n/a	107
909.918	1.5	New_wealth_onset	96	n/a	2926	n/a
911.418	2.20400000000018	ITI_onset	96	n/a	n/a	n/a
913.622	0.371999999999844	Response_window_onset	97	2926	n/a	n/a
913.994	3.32500000000005	Response	97	n/a	n/a	n/a
917.319	2.60500000000002	Stimulus_onset	97	n/a	n/a	-214
919.924	1.5	New_wealth_onset	97	n/a	2712	n/a
921.424	3.327	ITI_onset	97	n/a	n/a	n/a
924.751	0.417999999999893	Response_window_onset	98	2712	n/a	n/a
925.169	3.24099999999999	Response	98	n/a	n/a	n/a
928.41	3.27300000000014	Stimulus_onset	98	n/a	n/a	-107
931.683	1.5	New_wealth_onset	98	n/a	2605	n/a
933.183	1.8599999999999	ITI_onset	98	n/a	n/a	n/a
935.043	0.615999999999985	Response_window_onset	99	2605	n/a	n/a
935.659	2.84000000000015	Response	99	n/a	n/a	n/a
938.499	3.30799999999999	Stimulus_onset	99	n/a	n/a	-214
941.807	1.5	New_wealth_onset	99	n/a	2391	n/a
943.307	1.16099999999983	ITI_onset	99	n/a	n/a	n/a
944.468	0.595000000000027	Response_window_onset	100	2391	n/a	n/a
945.063	2.89100000000008	Response	100	n/a	n/a	n/a
947.954	2.78899999999999	Stimulus_onset	100	n/a	n/a	-107
950.743	1.5	New_wealth_onset	100	n/a	2284	n/a
952.243	4.00400000000013	ITI_onset	100	n/a	n/a	n/a
956.247	0.358999999999924	Response_window_onset	101	2284	n/a	n/a
956.606	3.35799999999995	Response	101	n/a	n/a	n/a
959.964	1.51900000000001	Stimulus_onset	101	n/a	n/a	107
961.483	1.5	New_wealth_onset	101	n/a	2391	n/a
962.983	2.36400000000003	ITI_onset	101	n/a	n/a	n/a
965.347	0.346000000000004	Response_window_onset	102	2391	n/a	n/a
965.693	3.37400000000002	Response	102	n/a	n/a	n/a
969.067	3.12300000000005	Stimulus_onset	102	n/a	n/a	107
972.19	1.5	New_wealth_onset	102	n/a	2498	n/a
973.69	3.80799999999999	ITI_onset	102	n/a	n/a	n/a
977.498	0.38799999999992	Response_window_onset	103	2498	n/a	n/a
977.886	3.30799999999999	Response	103	n/a	n/a	n/a
981.194	1.15200000000004	Stimulus_onset	103	n/a	n/a	-107
982.346	1.5	New_wealth_onset	103	n/a	2391	n/a
983.846	0.983999999999924	ITI_onset	103	n/a	n/a	n/a
984.83	0.773000000000138	Response_window_onset	104	2391	n/a	n/a
985.603	2.54099999999994	Response	104	n/a	n/a	n/a
988.144	2.1869999999999	Stimulus_onset	104	n/a	n/a	-214
990.331	1.5	New_wealth_onset	104	n/a	2177	n/a
991.831	2.01400000000012	ITI_onset	104	n/a	n/a	n/a
993.845	0.510999999999967	Response_window_onset	105	2177	n/a	n/a
994.356	3.05799999999999	Response	105	n/a	n/a	n/a
997.414	1.06799999999998	Stimulus_onset	105	n/a	n/a	428
998.482	1.5	New_wealth_onset	105	n/a	2605	n/a
999.982	1.17200000000003	ITI_onset	105	n/a	n/a	n/a
1001.154	0.534999999999854	Response_window_onset	106	2605	n/a	n/a
1001.689	3.00700000000006	Response	106	n/a	n/a	n/a
1004.696	2.20500000000015	Stimulus_onset	106	n/a	n/a	-214
1006.901	1.5	New_wealth_onset	106	n/a	2391	n/a
1008.401	1.64099999999985	ITI_onset	106	n/a	n/a	n/a
1010.042	0.400000000000091	Response_window_onset	107	2391	n/a	n/a
1010.442	3.27399999999989	Response	107	n/a	n/a	n/a
1013.716	2.28800000000001	Stimulus_onset	107	n/a	n/a	428
1016.004	1.5	New_wealth_onset	107	n/a	2819	n/a
1017.504	3.93100000000004	ITI_onset	107	n/a	n/a	n/a
1021.435	0.466000000000122	Response_window_onset	108	2819	n/a	n/a
1021.901	3.13999999999987	Response	108	n/a	n/a	n/a
1025.041	1.45399999999995	Stimulus_onset	108	n/a	n/a	-428
1026.495	1.5	New_wealth_onset	108	n/a	2391	n/a
1027.995	3.84900000000016	ITI_onset	108	n/a	n/a	n/a
1031.844	0.379999999999882	Response_window_onset	109	2391	n/a	n/a
1032.224	3.32400000000007	Response	109	n/a	n/a	n/a
1035.548	2.85599999999999	Stimulus_onset	109	n/a	n/a	428
1038.404	1.5	New_wealth_onset	109	n/a	2819	n/a
1039.904	0.962999999999965	ITI_onset	109	n/a	n/a	n/a
1040.867	0.460000000000036	Response_window_onset	110	2819	n/a	n/a
1041.327	3.1579999999999	Response	110	n/a	n/a	n/a
1044.485	3.15599999999995	Stimulus_onset	110	n/a	n/a	-214
1047.641	1.5	New_wealth_onset	110	n/a	2605	n/a
1049.141	1.48400000000015	ITI_onset	110	n/a	n/a	n/a
1050.625	0.423999999999978	Response_window_onset	111	2605	n/a	n/a
1051.049	3.22399999999993	Response	111	n/a	n/a	n/a
1054.273	1.06799999999998	Stimulus_onset	111	n/a	n/a	428
1055.341	1.5	New_wealth_onset	111	n/a	3033	n/a
1056.841	1.51400000000012	ITI_onset	111	n/a	n/a	n/a
1058.355	0.377999999999929	Response_window_onset	112	3033	n/a	n/a
1058.733	3.32400000000007	Response	112	n/a	n/a	n/a
1062.057	2.70499999999993	Stimulus_onset	112	n/a	n/a	321
1064.762	1.5	New_wealth_onset	112	n/a	3354	n/a
1066.262	1.09799999999996	ITI_onset	112	n/a	n/a	n/a
1067.36	0.509000000000015	Response_window_onset	113	3354	n/a	n/a
1067.869	3.05799999999999	Response	113	n/a	n/a	n/a
1070.927	3.00600000000009	Stimulus_onset	113	n/a	n/a	0
1073.933	1.5	New_wealth_onset	113	n/a	3354	n/a
1075.433	2.93299999999999	ITI_onset	113	n/a	n/a	n/a
1078.366	0.744999999999891	Response_window_onset	114	3354	n/a	n/a
1079.111	2.59000000000015	Response	114	n/a	n/a	n/a
1081.701	3.27299999999991	Stimulus_onset	114	n/a	n/a	107
1084.974	1.5	New_wealth_onset	114	n/a	3461	n/a
1086.474	0.877999999999929	ITI_onset	114	n/a	n/a	n/a
1087.352	0.445000000000164	Response_window_onset	115	3461	n/a	n/a
1087.797	3.19100000000003	Response	115	n/a	n/a	n/a
1090.988	1.98699999999985	Stimulus_onset	115	n/a	n/a	-321
1092.975	1.5	New_wealth_onset	115	n/a	3140	n/a
1094.475	3.40100000000007	ITI_onset	115	n/a	n/a	n/a
1097.876	0.411000000000058	Response_window_onset	116	3140	n/a	n/a
1098.287	3.25800000000004	Response	116	n/a	n/a	n/a
1101.545	2.87199999999984	Stimulus_onset	116	n/a	n/a	0
1104.417	1.5	New_wealth_onset	116	n/a	3140	n/a
1105.917	3.79600000000005	ITI_onset	116	n/a	n/a	n/a
1109.713	0.416999999999916	Response_window_onset	117	3140	n/a	n/a
1110.13	3.24099999999999	Response	117	n/a	n/a	n/a
1113.371	1.51900000000001	Stimulus_onset	117	n/a	n/a	321
1114.89	1.5	New_wealth_onset	117	n/a	3461	n/a
1116.39	0.59699999999998	ITI_onset	117	n/a	n/a	n/a
1116.987	0.79300000000012	Response_window_onset	118	3461	n/a	n/a
1117.78	2.49000000000001	Response	118	n/a	n/a	n/a
1120.27	0.901000000000067	Stimulus_onset	118	n/a	n/a	-214
1121.171	1.5	New_wealth_onset	118	n/a	3247	n/a
1122.671	3.06700000000001	ITI_onset	118	n/a	n/a	n/a
1125.738	0.427999999999884	Response_window_onset	119	3247	n/a	n/a
1126.166	3.22399999999993	Response	119	n/a	n/a	n/a
1129.39	0.935000000000173	Stimulus_onset	119	n/a	n/a	321
1130.325	1.5	New_wealth_onset	119	n/a	3568	n/a
1131.825	2.19200000000001	ITI_onset	119	n/a	n/a	n/a
1134.017	0.567999999999984	Response_window_onset	120	3568	n/a	n/a
1134.585	2.93999999999983	Response	120	n/a	n/a	n/a
1137.525	2.9050000000002	Stimulus_onset	120	n/a	n/a	-107
1140.43	1.5	New_wealth_onset	120	n/a	3461	n/a
1141.93	3.37899999999991	ITI_onset	120	n/a	n/a	n/a
1145.309	0.349999999999909	Response_window_onset	121	3461	n/a	n/a
1145.659	3.375	Response	121	n/a	n/a	n/a
1149.034	2.27100000000019	Stimulus_onset	121	n/a	n/a	-428
1151.305	1.5	New_wealth_onset	121	n/a	3033	n/a
1152.805	1.33699999999999	ITI_onset	121	n/a	n/a	n/a
1154.142	0.436999999999898	Response_window_onset	122	3033	n/a	n/a
1154.579	3.20800000000008	Response	122	n/a	n/a	n/a
1157.787	1.26800000000003	Stimulus_onset	122	n/a	n/a	-428
1159.055	1.5	New_wealth_onset	122	n/a	2605	n/a
1160.555	3.18199999999979	ITI_onset	122	n/a	n/a	n/a
1163.737	0.44600000000014	Response_window_onset	123	2605	n/a	n/a
1164.183	3.19100000000003	Response	123	n/a	n/a	n/a
1167.374	2.48799999999983	Stimulus_onset	123	n/a	n/a	-107
1169.862	1.5	New_wealth_onset	123	n/a	2498	n/a
1171.362	0.841000000000122	ITI_onset	123	n/a	n/a	n/a
1172.203	0.548999999999978	Response_window_onset	124	2498	n/a	n/a
1172.752	2.97399999999993	Response	124	n/a	n/a	n/a
1175.726	3.173	Stimulus_onset	124	n/a	n/a	107
1178.899	1.5	New_wealth_onset	124	n/a	2605	n/a
1180.399	2.03500000000008	ITI_onset	124	n/a	n/a	n/a
1182.434	0.407999999999902	Response_window_onset	125	2605	n/a	n/a
1182.842	3.24099999999999	Response	125	n/a	n/a	n/a
1186.083	0.817000000000007	Stimulus_onset	125	n/a	n/a	428
1186.9	1.5	New_wealth_onset	125	n/a	3033	n/a
1188.4	2.9530000000002	ITI_onset	125	n/a	n/a	n/a
1191.353	0.424999999999955	Response_window_onset	126	3033	n/a	n/a
1191.778	3.22399999999993	Response	126	n/a	n/a	n/a
1195.002	1.03600000000006	Stimulus_onset	126	n/a	n/a	428
1196.038	1.5	New_wealth_onset	126	n/a	3461	n/a
1197.538	3.82799999999997	ITI_onset	126	n/a	n/a	n/a
1201.366	0.417999999999893	Response_window_onset	127	3461	n/a	n/a
1201.784	3.24099999999999	Response	127	n/a	n/a	n/a
1205.025	1.33500000000004	Stimulus_onset	127	n/a	n/a	-214
1206.36	1.5	New_wealth_onset	127	n/a	3247	n/a
1207.86	0.788999999999987	ITI_onset	127	n/a	n/a	n/a
1208.649	0.534000000000106	Response_window_onset	128	3247	n/a	n/a
1209.183	3.00800000000004	Response	128	n/a	n/a	n/a
1212.191	1.68599999999992	Stimulus_onset	128	n/a	n/a	0
1213.877	1.5	New_wealth_onset	128	n/a	3247	n/a
1215.377	1.93499999999995	ITI_onset	128	n/a	n/a	n/a
1217.312	0.423999999999978	Response_window_onset	129	3247	n/a	n/a
1217.736	3.22400000000016	Response	129	n/a	n/a	n/a
1220.96	2.10399999999981	Stimulus_onset	129	n/a	n/a	-107
1223.064	1.5	New_wealth_onset	129	n/a	3140	n/a
1224.564	3.29700000000003	ITI_onset	129	n/a	n/a	n/a
1227.861	0.398000000000138	Response_window_onset	130	3140	n/a	n/a
1228.259	3.27499999999986	Response	130	n/a	n/a	n/a
1231.534	2.80500000000006	Stimulus_onset	130	n/a	n/a	-214
1234.339	1.5	New_wealth_onset	130	n/a	2926	n/a
1235.839	1.57799999999997	ITI_onset	130	n/a	n/a	n/a
1237.417	0.529999999999973	Response_window_onset	131	2926	n/a	n/a
1237.947	3.02400000000011	Response	131	n/a	n/a	n/a
1240.971	2.45499999999993	Stimulus_onset	131	n/a	n/a	0
1243.426	1.5	New_wealth_onset	131	n/a	2926	n/a
1244.926	1.38000000000011	ITI_onset	131	n/a	n/a	n/a
1246.306	0.493999999999915	Response_window_onset	132	2926	n/a	n/a
1246.8	3.09099999999989	Response	132	n/a	n/a	n/a
1249.891	1.73700000000008	Stimulus_onset	132	n/a	n/a	-321
1251.628	1.5	New_wealth_onset	132	n/a	2605	n/a
1253.128	1.63200000000006	ITI_onset	132	n/a	n/a	n/a
1254.76	0.593000000000075	Response_window_onset	133	2605	n/a	n/a
1255.353	2.88999999999987	Response	133	n/a	n/a	n/a
1258.243	1.76999999999998	Stimulus_onset	133	n/a	n/a	321
1260.013	1.5	New_wealth_onset	133	n/a	2926	n/a
1261.513	2.80700000000002	ITI_onset	133	n/a	n/a	n/a
1264.32	0.420000000000073	Response_window_onset	134	2926	n/a	n/a
1264.74	3.24099999999999	Response	134	n/a	n/a	n/a
1267.981	1.43599999999992	Stimulus_onset	134	n/a	n/a	428
1269.417	1.5	New_wealth_onset	134	n/a	3354	n/a
1270.917	3.15100000000007	ITI_onset	134	n/a	n/a	n/a
1274.068	0.376999999999953	Response_window_onset	135	3354	n/a	n/a
1274.445	3.32400000000007	Response	135	n/a	n/a	n/a
1277.769	2.94100000000003	Stimulus_onset	135	n/a	n/a	0
1280.71	1.5	New_wealth_onset	135	n/a	3354	n/a
1282.21	3.58799999999997	ITI_onset	135	n/a	n/a	n/a
1285.798	0.405999999999949	Response_window_onset	136	3354	n/a	n/a
1286.204	3.25800000000004	Response	136	n/a	n/a	n/a
1289.462	1.31899999999996	Stimulus_onset	136	n/a	n/a	321
1290.781	1.5	New_wealth_onset	136	n/a	3675	n/a
1292.281	1.95399999999995	ITI_onset	136	n/a	n/a	n/a
1294.235	0.706000000000131	Response_window_onset	137	3675	n/a	n/a
1294.941	2.673	Response	137	n/a	n/a	n/a
1297.614	1.72000000000003	Stimulus_onset	137	n/a	n/a	-321
1299.334	1.5	New_wealth_onset	137	n/a	3354	n/a
1300.834	3.21199999999999	ITI_onset	137	n/a	n/a	n/a
1304.046	0.398999999999887	Response_window_onset	138	3354	n/a	n/a
1304.445	3.27400000000011	Response	138	n/a	n/a	n/a
1307.719	1.95399999999995	Stimulus_onset	138	n/a	n/a	0
1309.673	1.5	New_wealth_onset	138	n/a	3354	n/a
1311.173	1.76599999999985	ITI_onset	138	n/a	n/a	n/a
1312.939	0.409000000000106	Response_window_onset	139	3354	n/a	n/a
1313.348	3.25800000000004	Response	139	n/a	n/a	n/a
1316.606	3.12300000000005	Stimulus_onset	139	n/a	n/a	-321
1319.729	1.5	New_wealth_onset	139	n/a	3033	n/a
1321.229	1.86999999999989	ITI_onset	139	n/a	n/a	n/a
1323.099	0.454999999999927	Response_window_onset	140	3033	n/a	n/a
1323.554	3.17400000000021	Response	140	n/a	n/a	n/a
1326.728	1.4699999999998	Stimulus_onset	140	n/a	n/a	0
1328.198	1.5	New_wealth_onset	140	n/a	3033	n/a
1329.698	2.62900000000013	ITI_onset	140	n/a	n/a	n/a
1332.327	0.530999999999949	Response_window_onset	141	3033	n/a	n/a
1332.858	3.02400000000011	Response	141	n/a	n/a	n/a
1335.882	1.73699999999985	Stimulus_onset	141	n/a	n/a	-321
1337.619	1.5	New_wealth_onset	141	n/a	2712	n/a
1339.119	0.661000000000058	ITI_onset	141	n/a	n/a	n/a
1339.78	0.577999999999975	Response_window_onset	142	2712	n/a	n/a
1340.358	2.92399999999998	Response	142	n/a	n/a	n/a
1343.282	1.78700000000003	Stimulus_onset	142	n/a	n/a	-321
1345.069	1.5	New_wealth_onset	142	n/a	2391	n/a
1346.569	3.17100000000005	ITI_onset	142	n/a	n/a	n/a
1349.74	0.406999999999925	Response_window_onset	143	2391	n/a	n/a
1350.147	3.25700000000006	Response	143	n/a	n/a	n/a
1353.404	2.00399999999991	Stimulus_onset	143	n/a	n/a	428
1355.408	1.5	New_wealth_onset	143	n/a	2819	n/a
1356.908	2.12900000000013	ITI_onset	143	n/a	n/a	n/a
1359.037	0.34699999999998	Response_window_onset	144	2819	n/a	n/a
1359.384	3.39099999999985	Response	144	n/a	n/a	n/a
1362.775	1.93700000000013	Stimulus_onset	144	n/a	n/a	0
1364.712	1.5	New_wealth_onset	144	n/a	2819	n/a
1366.212	3.69100000000003	ITI_onset	144	n/a	n/a	n/a
1369.903	0.454999999999927	Response_window_onset	145	2819	n/a	n/a
1370.358	3.17399999999998	Response	145	n/a	n/a	n/a
1373.532	1.80400000000009	Stimulus_onset	145	n/a	n/a	428
1375.336	1.5	New_wealth_onset	145	n/a	3247	n/a
1376.836	0.567000000000007	ITI_onset	145	n/a	n/a	n/a
1377.403	0.454999999999927	Response_window_onset	146	3247	n/a	n/a
1377.858	3.17499999999995	Response	146	n/a	n/a	n/a
1381.033	3.05600000000004	Stimulus_onset	146	n/a	n/a	-214
1384.089	1.5	New_wealth_onset	146	n/a	3033	n/a
1385.589	1.05700000000002	ITI_onset	146	n/a	n/a	n/a
1386.646	0.382000000000062	Response_window_onset	147	3033	n/a	n/a
1387.028	3.30799999999999	Response	147	n/a	n/a	n/a
1390.336	2.58899999999994	Stimulus_onset	147	n/a	n/a	-428
1392.925	1.5	New_wealth_onset	147	n/a	2605	n/a
1394.425	3.49299999999994	ITI_onset	147	n/a	n/a	n/a
1397.918	0.369000000000142	Response_window_onset	148	2605	n/a	n/a
1398.287	3.34099999999989	Response	148	n/a	n/a	n/a
1401.628	2.63900000000012	Stimulus_onset	148	n/a	n/a	-428
1404.267	1.5	New_wealth_onset	148	n/a	2177	n/a
1405.767	2.32799999999997	ITI_onset	148	n/a	n/a	n/a
1408.095	0.580999999999904	Response_window_onset	149	2177	n/a	n/a
1408.676	2.92399999999998	Response	149	n/a	n/a	n/a
1411.6	1.78700000000003	Stimulus_onset	149	n/a	n/a	428
1413.387	1.5	New_wealth_onset	149	n/a	2605	n/a
1414.887	3.08899999999994	ITI_onset	149	n/a	n/a	n/a
1417.976	0.422000000000025	Response_window_onset	150	2605	n/a	n/a
1418.398	3.22400000000016	Response	150	n/a	n/a	n/a
1421.622	1.85399999999981	Stimulus_onset	150	n/a	n/a	321
1423.476	1.5	New_wealth_onset	150	n/a	2926	n/a
1424.976	1.27400000000011	ITI_onset	150	n/a	n/a	n/a
1426.25	0.532999999999902	Response_window_onset	151	2926	n/a	n/a
1426.783	3.02400000000011	Response	151	n/a	n/a	n/a
1429.807	0.835000000000036	Stimulus_onset	151	n/a	n/a	-214
1430.642	1.5	New_wealth_onset	151	n/a	2712	n/a
1432.142	2.10799999999995	ITI_onset	151	n/a	n/a	n/a
1434.25	0.469000000000051	Response_window_onset	152	2712	n/a	n/a
1434.719	3.1389999999999	Response	152	n/a	n/a	n/a
1437.858	2.23800000000006	Stimulus_onset	152	n/a	n/a	321
1440.096	1.5	New_wealth_onset	152	n/a	3033	n/a
1441.596	3.15999999999985	ITI_onset	152	n/a	n/a	n/a
1444.756	0.351000000000113	Response_window_onset	153	3033	n/a	n/a
1445.107	3.375	Response	153	n/a	n/a	n/a
1448.482	2.68900000000008	Stimulus_onset	153	n/a	n/a	-214
1451.171	1.5	New_wealth_onset	153	n/a	2819	n/a
1452.671	0.702999999999975	ITI_onset	153	n/a	n/a	n/a
1453.374	0.468999999999824	Response_window_onset	154	2819	n/a	n/a
1453.843	3.14100000000008	Response	154	n/a	n/a	n/a
1456.984	1.971	Stimulus_onset	154	n/a	n/a	428
1458.955	1.5	New_wealth_onset	154	n/a	3247	n/a
1460.455	2.49299999999994	ITI_onset	154	n/a	n/a	n/a
1462.948	0.432999999999993	Response_window_onset	155	3247	n/a	n/a
1463.381	3.20800000000008	Response	155	n/a	n/a	n/a
1466.589	1.87000000000012	Stimulus_onset	155	n/a	n/a	-214
1468.459	1.5	New_wealth_onset	155	n/a	3033	n/a
1469.959	2.77499999999986	ITI_onset	155	n/a	n/a	n/a
1472.734	0.369000000000142	Response_window_onset	156	3033	n/a	n/a
1473.103	3.34099999999989	Response	156	n/a	n/a	n/a
1476.444	2.60500000000002	Stimulus_onset	156	n/a	n/a	-428
1479.049	1.5	New_wealth_onset	156	n/a	2605	n/a
1480.549	1.19299999999998	ITI_onset	156	n/a	n/a	n/a
1481.742	0.530999999999949	Response_window_onset	157	2605	n/a	n/a
1482.273	3.00700000000006	Response	157	n/a	n/a	n/a
1485.28	1.88699999999994	Stimulus_onset	157	n/a	n/a	107
1487.167	1.5	New_wealth_onset	157	n/a	2712	n/a
1488.667	3.47299999999996	ITI_onset	157	n/a	n/a	n/a
1492.14	0.389000000000124	Response_window_onset	158	2712	n/a	n/a
1492.529	3.30799999999999	Response	158	n/a	n/a	n/a
1495.837	2.65599999999995	Stimulus_onset	158	n/a	n/a	214
1498.493	1.5	New_wealth_onset	158	n/a	2926	n/a
1499.993	2.44100000000003	ITI_onset	158	n/a	n/a	n/a
1502.434	0.585000000000036	Response_window_onset	159	2926	n/a	n/a
1503.019	2.90699999999993	Response	159	n/a	n/a	n/a
1505.926	1.92100000000005	Stimulus_onset	159	n/a	n/a	107
1507.847	1.5	New_wealth_onset	159	n/a	3033	n/a
1509.347	2.04500000000007	ITI_onset	159	n/a	n/a	n/a
1511.392	0.397999999999911	Response_window_onset	160	3033	n/a	n/a
1511.79	3.28999999999996	Response	160	n/a	n/a	n/a
1515.08	1.13499999999999	Stimulus_onset	160	n/a	n/a	0
1516.215	1.5	New_wealth_onset	160	n/a	3033	n/a
1517.715	3.03500000000008	ITI_onset	160	n/a	n/a	n/a
1520.75	0.460000000000036	Response_window_onset	161	3033	n/a	n/a
1521.21	3.15699999999993	Response	161	n/a	n/a	n/a
1524.367	3.25700000000006	Stimulus_onset	161	n/a	n/a	107
1527.624	1.5	New_wealth_onset	161	n/a	3140	n/a
1529.124	2.50399999999991	ITI_onset	161	n/a	n/a	n/a
1531.628	0.439000000000078	Response_window_onset	162	3140	n/a	n/a
1532.067	3.20799999999986	Response	162	n/a	n/a	n/a
1535.275	1.83699999999999	Stimulus_onset	162	n/a	n/a	321
1537.112	1.5	New_wealth_onset	162	n/a	3461	n/a
1538.612	1.43200000000002	ITI_onset	162	n/a	n/a	n/a
1540.044	0.609000000000151	Response_window_onset	163	3461	n/a	n/a
1540.653	2.85699999999997	Response	163	n/a	n/a	n/a
1543.51	0.884999999999991	Stimulus_onset	163	n/a	n/a	-321
1544.395	1.5	New_wealth_onset	163	n/a	3140	n/a
1545.895	2.81500000000005	ITI_onset	163	n/a	n/a	n/a
1548.71	0.596000000000004	Response_window_onset	164	3140	n/a	n/a
1549.306	2.88999999999987	Response	164	n/a	n/a	n/a
1552.196	1.56899999999996	Stimulus_onset	164	n/a	n/a	321
1553.765	1.5	New_wealth_onset	164	n/a	3461	n/a
1555.265	0.868000000000166	ITI_onset	164	n/a	n/a	n/a
1556.133	0.705999999999904	Response_window_onset	165	3461	n/a	n/a
1556.839	2.673	Response	165	n/a	n/a	n/a
1559.512	2.35500000000002	Stimulus_onset	165	n/a	n/a	-321
1561.867	1.5	New_wealth_onset	165	n/a	3140	n/a
1563.367	2.75399999999991	ITI_onset	165	n/a	n/a	n/a
1566.121	0.473000000000184	Response_window_onset	166	3140	n/a	n/a
1566.594	3.14099999999985	Response	166	n/a	n/a	n/a
1569.735	1.6690000000001	Stimulus_onset	166	n/a	n/a	0
1571.404	1.5	New_wealth_onset	166	n/a	3140	n/a
1572.904	3.02399999999989	ITI_onset	166	n/a	n/a	n/a
1575.928	0.587999999999965	Response_window_onset	167	3140	n/a	n/a
1576.516	2.90700000000015	Response	167	n/a	n/a	n/a
1579.423	1.38599999999997	Stimulus_onset	167	n/a	n/a	-321
1580.809	1.5	New_wealth_onset	167	n/a	2819	n/a
1582.309	2.92200000000003	ITI_onset	167	n/a	n/a	n/a
1585.231	0.504999999999882	Response_window_onset	168	2819	n/a	n/a
1585.736	3.04100000000017	Response	168	n/a	n/a	n/a
1588.777	2.58899999999994	Stimulus_onset	168	n/a	n/a	0
1591.366	1.5	New_wealth_onset	168	n/a	2819	n/a
1592.866	2.135	ITI_onset	168	n/a	n/a	n/a
